AB/2 (m),MN/2 (m),App. Res. (Ohm m)
5.0,1.0,489.6789583999329
10.0,1.0,438.05617846394955
20.0,1.0,278.4922556268913
30.0,1.0,186.83163101825588
40.0,1.0,165.15368517213878
40.0,5.0,166.38211976901766
50.0,5.0,173.32537548037735
60.0,5.0,190.23175063511735
70.0,5.0,208.7842085865394
80.0,5.0,226.54114548665936
90.0,5.0,242.95152353926542
100.0,5.0,257.9977866645463
